,name
0,マスタープランの策定過程とその機能・役割についてを一筑波研究学園都市の計画過程に関する研究•その2--
1,大阪市匠おける副都心計画についての考察
2,東京の中心市街地動向と多心型都市構造論
3,地城類型への対応からみた整備事業等の実績に関する考察を―ー東京区部を対象として一—
4,地方都市侭おける人口密度構造と市街地空間変容に関する研究を一一三重県松阪市市街地を事例に一—
5,北海道農村匹おける生活圏構成に関する研究
6,海上ニュータウンの生活関連施設の評価
7,生産機能と研究開発機能の立地に関する比較論的考察を一ー研究開発機能の立地に関する研究(I)--
8,住民の居住環境評価と定住意識の関連についての考察をIO.物流施設集積市街地における用途混在の実態に関する研究
9,横浜市の都心周辺市街地における木賃住宅地区の整備に関する考察を一一木賃住宅経営者へのアンケート調査を通して一—
10,東京区部低層高密度市街地における住宅需給・建物更新動向を踏まえた居住環境整備の方向
11,既成市街地における土地の細分化に関する考察
12,縄文期集住体における住居址立地地点の傾斜に関する考察を一関東山地部を対象にー一
13,一身田寺内町の都市パクーンに関する研究
14,明治前期における私設道路の取扱いについてをー東京府侭おける邸内路次3間以上布達をめぐって一—
15,旧道路法検討期における地先道路，細街路匠関する研究
16,旧法成立期匠おける住宅政策と都市計画の関係に関する一考察をー日本的都市計画バラダイムの形成に関する研究(1)-
17,法案条文からみた旧都市計画法の成立過程を一都市計画調査会から都市計画法案まで一—
18,朝鮮半島における土地区画整理の成立起源
19,東京都区内における非永住型外国人居住の分布と形態に関する研究
20,韓国農山村における類型化花よる地域特性の分析を一慶尚北道の邑，面を対象として一—
21,バリ島における伝統的集落の類型化とその近代化過程
22,インドネジア都市における歴史的市街地の実態とその保存整備の課題
23,世帯のライフサイクルステージと車保有•利用の関連分析
24,個人の交通行動特性の時間的及び地域間安定性
25,広城避難を想定した実験歩行における経路選択行動匠ついての分析
26,計算値と調査値のサービス指標を用いた非集計ロジットモデルの適用性の比較
27,施設供給関数を用いた観光交通の需要予測手法に関する研究
28,ドライバーの意識分析に基づいた都心部の駐車対策に関する研究
29,都市計画道路の整備順位の策定に関する研究
30,地区住民の安全感•利便感からみた住区道路環境の評価方法
31,沿道住民陀よる道路の評価
32,都市高速道路事業の進行に伴う沿道住民の意識変化に関する研究
33,地下鉄開業時の事前・事後分析を一ー意向データの有効性の検証一—
34,無秩序網モデJレにもとずく道路網の階層性の分析方法
35,放射・環状ネットワークにおける環状路の役割について
36,メッシュデータを用いた人口密度勾配の推定
37,既成市街地侭おける居住環境整備に関するモデル分析
38,施設配匿が所与な場における圏城分割の最適化尻関する研究
39,橋の本数と迂回の関係について
40,都市メッシュデーク解析代おけるメッジュサイズの効果
41,住宅形態からみた大都市郊外コミュニティの年齢構造変化匠関する研究を一一家族サイクルの視点に注目して＿
42,都市圏の世帯属性構成の空間的分布とその変化の分析
43,大都市中心部妬おける立地選好からみた事業所の類型化と立地評価
44,都市空間における人口密度分布の変容爬関する研究を人口密度の増加・減少街区の分布傾向について
45,東京都心地域における土地利用及び土地所有の変化と居住者の動向
46,直交多属性評価モデルによる業務施設の立地分析化関する研究
47,探索的手法匹よる都市周辺の農村地域侭おける混住化の把握について
48,都市公共施設の最適誘致距離の設定方法
49,余剰最大化問題花よる居住地選択モデル
50,高齢者の宅地，住宅の保有と既成市街地の変容との関連について
51,東京都区部における行政発意匠よる改善型まちづくりの計画形成過程を一ー計画案の変還と住民参加ー一
52,、ンビックトラストをめぐる市民主体のまちづくり活動の実態と展望を一一日本，イギリスおよびアメリカの事例を通じて一—
53,法定地区計画策定の動機と過程からみた計画の評価と問題点を—埼玉県の事例を対象として—―~
54,「開発許可逃れ」の諸類型とその市街地形成上への影響に関する研究
55,分散構造型市街地形成の整序手法としての線引き制度の限界と改善
56,尼崎市主要沿道匠おける建物改善と不燃化意向に関する研究を―五合椎線，阪神国道沿道地区における住民意向調査を通して一—
57,琵琶湖流域における自然環境保全のための土地利用管理モデJレ
58,郊外型大規模公営住宅団地における住民意識からみた地域社会形成に関する研究
59,既設公営住宅活用に関する一考察を一愛知県妬おける既設公営住宅の実態一—
60,公営住宅ストックにおける高齢・貧困層の集中現象を—―名古屋市営住宅における調査分析ー—
61,公営住宅ストックにおける居住者構成の変動と被保護層の形成に関する研究
62,タウンハウスにおける住環境の維持管理面からみた供給のあり方に関する研究を—住宅改変実態調査を通して一—
63,市民農園の需要に関する住民意識の分析
64,観光地空間の利用と評価に関する調査法
65,市民農圏の利用実態及び利用希望意識に関する研究
66,佐渡観光の地域経済効果
67,資産価値による中規模都市公園の整備効果の計測
68,自治体の緑化政策侭関する考察を一関東各市区妬おけるケーススタディー＿
69,都市河川における河岸可歩行性の分折をーーオープンスペースとして河川空間利用に関する考察一—
70,大都市近郊における樹林地の変容構造に関する研究
71,筑波研究学園都市の散策路評価に関する研究
72,領域の相互視体験に茎づく港まちの景観計画に関する茎礎的研究
73,木曽馬鏡にみる町並み保存の課題
74,市街地の高木が住民にもたらす影響
75,戦前の丸ノ内地区の景観構成に関する研究
76,建築デザイン誘導による都市景観形成手法とその評価に関する研究を一神戸市における建築デザイン誘導事例を通じて一—
