,count,word
0,74,に関する
1,49,研究
2,46,における
3,15,による
4,11,について
5,8,として
6,7,考察
7,7,分析
8,7,ため
9,7,用い
10,6,から
11,6,開発
12,6,に対する
13,5,その
14,5,評価
15,5,基礎的研究
16,4,変遷
17,4,場合一
18,4,基づく
19,4,考慮
20,4,みる
21,3,事例
22,3,関係
23,3,都市
24,3,対象
25,3,影響
26,3,実証的研究
27,3,を通して
28,3,住民
29,3,する
30,2,台北
31,2,比較研究
32,2,台湾
33,2,まち
34,2,東京
35,2,都市構造
36,2,変化
37,2,可能性
38,2,比較分析
39,2,ケーススタディー
40,2,一考察
41,2,#NAME?
42,2,実態
43,2,運用
44,2,および
45,2,抽出
46,2,手法
47,2,検討
48,2,伴う
49,2,調査研究
50,2,着目
51,2,地方中核都市
52,2,予測
53,2,地方都市
54,2,意識分析
55,2,比較
56,2,期待
57,2,こども
58,2,あそび
59,2,ソウル
60,2,於け
61,2,民営化開発
62,2,中心
63,2,京都市中心部
64,2,老舗
65,2,イメージ
66,2,及び
67,2,形成
68,1,京城
69,1,行政区域名
70,1,平壌
71,1,歴史的建造物
72,1,歴史的環境
73,1,保全制度
74,1,運用状況
75,1,日本植民初期
76,1,市区改正
77,1,一台北
78,1,フランチェスコ・ディジョルンョ・マルティーニ
79,1,古代都市計画
80,1,受容
81,1,異界的要素
82,1,江戸
83,1,空間的構造
84,1,大名屋敷跡地
85,1,土地経営
86,1,ー麻布霞町
87,1,明治期
88,1,公園誕生
89,1,一江戸
90,1,街路
91,1,主軸
92,1,宅地開発型耕地整理事業
93,1,設計水準
94,1,発展過程
95,1,ー名古屋市
96,1,戦前名古屋
97,1,組合施行土地区画整理事業
98,1,展開過程
99,1,首都圏
100,1,都心30km
101,1,ー野田市
102,1,市街地形成史
103,1,城下町都市
104,1,戦前
105,1,街路計画
106,1,川越一番街
107,1,町づくり
108,1,町並み委員会
109,1,ー住民
110,1,町づくり委員会
111,1,限界一
112,1,市町村国土利用計画
113,1,土地利用基本計画
114,1,地域区分
115,1,市街化調整区域等
116,1,開発許可制度
117,1,樹林地
118,1,保全
119,1,一神奈川
120,1,埼玉
121,1,日韓地方都市
122,1,市街地拡大化
123,1,土地利用規制制度
124,1,指定実態
125,1,一日韓6都市
126,1,八王子市
127,1,用途地域
128,1,ー安定性
129,1,土地利用
130,1,規制単位
131,1,工場
132,1,建物用途規制別表
133,1,地方自治体
134,1,開発等指導要綱
135,1,指導要綱
136,1,都市景観整備施策
137,1,指導
138,1,応答
139,1,市街地整備
140,1,建築
141,1,ルール
142,1,地方的展開
143,1,研究一
144,1,建築協定制度
145,1,戸建住宅地接道部緑化
146,1,住宅地
147,1,容積率規制
148,1,地価
149,1,地域間波及
150,1,及ぼす
151,1,東京区部都心
152,1,周辺地域
153,1,商業業務
154,1,立地条件
155,1,混在地区
156,1,幕張新都心
157,1,業務機能
158,1,移転集結
159,1,現行形態規制
160,1,検証
161,1,新た
162,1,規制手法
163,1,展開
164,1,市街地住区
165,1,空間的変化
166,1,住区類型
167,1,居住者意識
168,1,休日
169,1,外出活動
170,1,家族
171,1,ライフステージ
172,1,低層住宅地
173,1,協調型建
174,1,替え
175,1,幹線街路沿道
176,1,立体的土地利用実態
177,1,ー東京都目黒通り
178,1,ニューラルネットワーク
179,1,ミクロ土地利用モデル
180,1,世論調査
181,1,公共施設整備要望
182,1,公共施設整備水準
183,1,まちづくり計画
184,1,実施
185,1,むけ
186,1,更新計画支援ツール
187,1,電子住宅地図
188,1,計画支援システム
189,1,地区整備計画
190,1,適用
191,1,袋路状道路
192,1,避難通路整備
193,1,スプロール市街地
194,1,集散街路
195,1,市街地形成効果
196,1,一分析
197,1,都市郊外
198,1,ロードサイドショップ
199,1,改善型
200,1,企業都市
201,1,企業
202,1,都市施設整備
203,1,一新居浜市
204,1,研究対象
205,1,中堅工場
206,1,土地利用転換
207,1,財政
208,1,与える
209,1,ー大阪市東成区工業地域
210,1,土地区画整理事業地区
211,1,市街化過程
212,1,ミクロ分析
213,1,ー用途
214,1,所有権移転
215,1,影響一
216,1,最適化過程
217,1,土地区画整理計画
218,1,歴史的都心
219,1,伝統的共用施設
220,1,現代的機能
221,1,ー京都
222,1,祇園祭山鉾町
223,1,町会所
224,1,大都市
225,1,民営火葬場
226,1,環境整備
227,1,方向性
228,1,マップ法
229,1,ドライバー
230,1,空間的経路選択特性
231,1,道路網サービス水準評価
232,1,旅行時間満足度
233,1,混雑度
234,1,関連性分析
235,1,ノード間平均距離
236,1,都市内道路網
237,1,形態評価
238,1,道路ネットワーク
239,1,構成要素
240,1,交通量
241,1,リンク重要度
242,1,地下鉄網
243,1,認知構造
244,1,東北地方
245,1,国際航空旅客
246,1,構造分析
247,1,航空需要予測
248,1,ロータリー
249,1,鉄道ターミナル
250,1,ジョイントディベロプメント
251,1,障害者
252,1,交通動態
253,1,空港環境整備
254,1,軌道系交通機関整備方策
255,1,三セクター
256,1,甘木鉄道
257,1,需要特性
258,1,課題
259,1,関東地方
260,1,通話
261,1,都市間交流
262,1,通信技術革新
263,1,企業内立地行動
264,1,ー通信
265,1,固定費用
266,1,東京大都市圏
267,1,職住割当
268,1,最適化
269,1,都市域
270,1,流動
271,1,理論的考察
272,1,都市内物流
273,1,共同化
274,1,効果
275,1,促進施策
276,1,ー福岡天神地区共同集配事業
277,1,ケーススタディ
278,1,情報システム
279,1,物流
280,1,代替
281,1,相乗
282,1,補完効果
283,1,港湾物流施設
284,1,立地
285,1,集計トビットモデル
286,1,有効性
287,1,交通目的連関
288,1,時間帯別発生集中交通量
289,1,構造変化
290,1,将来交通量
291,1,ー東京都市圏交通計画
292,1,高齢者交通
293,1,地方都市鉄道活性化
294,1,潜在需要分析
295,1,観光地
296,1,道路整備
297,1,サービス水準
298,1,評価構造
299,1,基礎分析
300,1,パネルデータ
301,1,交通システム
302,1,選好意識
303,1,時間的変化
304,1,対数線形モデル
305,1,休日買物行動パネルデータ
306,1,動的特性分析
307,1,路上空間
308,1,有効利用
309,1,路上駐車政策
310,1,考察一
311,1,ー海外
312,1,わが国
313,1,都心商業地域
314,1,駐車場容量
315,1,私的
316,1,短距離交通手段
317,1,法制度
318,1,生活道路網計画
319,1,ー東京都内
320,1,日常的サービス
321,1,地方都市活力
322,1,変動過程
323,1,説明変数
324,1,含ん
325,1,マルコフチェインモデル
326,1,都心
327,1,消費者回遊行動
328,1,変化予測
329,1,大手町地区
330,1,歩行者交通量
331,1,推計
332,1,不動点アルゴリズム
333,1,ダイナミカルハフモデル
334,1,競争均衡商業床空間分布
335,1,計算
336,1,東京区部
337,1,小規模商業地
338,1,集積規模変化
339,1,縮小要因
340,1,ニュータウンセンター地区
341,1,街づくり
342,1,駐車場整備
343,1,効果分析
344,1,地方中心商業地活性化
345,1,計画策定事例
346,1,商店街
347,1,活性化
348,1,地元住民主導
349,1,まちづくり
350,1,京町家
351,1,建て替え
352,1,改造デザイン
353,1,町並み形成
354,1,環境
355,1,国際比較研究
356,1,ートロント
357,1,ミュンヘン
358,1,横浜
359,1,名古屋
360,1,環境一
361,1,認知地図
362,1,京都
363,1,都心街路沿い建物
364,1,形態
365,1,業種
366,1,サイン
367,1,街区レベル
368,1,住エ混在地区
369,1,土地利用変化
370,1,ー大田区大森地区
371,1,事例ー
372,1,機械金属系
373,1,零細工場集積地域
374,1,産業地域社会
375,1,観光地域魅力度
376,1,観光周遊行動
377,1,モデル化
378,1,九州広域観光ルート
379,1,映画
380,1,フロリダ
381,1,リゾートイメージ
382,1,解読
383,1,広域都市圏
384,1,緑地構造
385,1,生物相保全
386,1,大都市内農地
387,1,周辺住民
388,1,関与
389,1,意識
390,1,ー横浜市
391,1,事例研究一
392,1,メッシュデータ
393,1,都市内
394,1,緑地保全
395,1,評価手法
396,1,公園利用行動
397,1,都市公園配置
398,1,最適化モデル
399,1,小規模都市公園
400,1,れる
401,1,地震時
402,1,防災機能
403,1,防火地域制
404,1,地区レベル
405,1,燃化方策
406,1,避難道路標識
407,1,設置基準
408,1,実験的研究
409,1,市街地除排雪
410,1,意識構造
411,1,定量化
412,1,地震時人間行動
413,1,震度依存性
414,1,-1987年千葉県東方沖地震
415,1,市民レベル
416,1,シンガポール
417,1,ガーデンシティ政策
418,1,フランス
419,1,住宅改善事業
420,1,住宅手当APL
421,1,ー公的住宅団地GrandEnsembleSociaux
422,1,実態分析一
423,1,アメリカ
424,1,公共住宅
425,1,TMCs
426,1,コミュニティ
427,1,コントロール
428,1,開発途上国大都市
429,1,土地住宅市場
430,1,特質
431,1,都市計画的課題
432,1,ージャカルタ都市圏
433,1,事例分析一
434,1,アジア大都市圏
435,1,国公有地スラム・スクォッター地区
436,1,ークアラルンプール
437,1,政策的含意一
438,1,マレーシア
439,1,ジョホールバル都市圏
440,1,住宅団地開発
441,1,ー住宅団地開発許可記録
442,1,居住者アンケート調査
443,1,結果概要
444,1,ダッカ・バブルテック・スラム
445,1,スラム経営
446,1,大学
447,1,生涯教育機能
448,1,生涯学習行動
449,1,独立住宅地
450,1,敷地条件
451,1,居住者満足度
452,1,敷地利用
453,1,一積雪地域
454,1,伝統的町家様式
455,1,利用評価
456,1,家業継承
457,1,持続性
458,1,瞭住関係
459,1,動向
460,1,沖合海洋都市
461,1,コンセプト形成
462,1,地域活性化
463,1,パソコン通信ネットワーク
464,1,活動実態
465,1,ー自治体
466,1,営利団体
467,1,ネットワーク
468,1,テクノポリス建設
469,1,地域構造特性
470,1,ー地域間成長格差
471,1,要因分析
472,1,禅宗寺院
473,1,十境
474,1,景観論的考察
475,1,伝統的
476,1,港町
477,1,景観保全計画
478,1,一坂越
479,1,バイパス
480,1,旧道
481,1,沿道土地利用
482,1,空間的特徴
483,1,市街地
484,1,開発空地
485,1,共用空間
486,1,アメニティ評価
487,1,キャンパス
488,1,成長過程
489,1,空間構成
490,1,関連性
491,1,ー空地利用型
492,1,敷地拡張型
493,1,リゾートマンション
494,1,設計コンセプト
495,1,色彩
496,1,一新潟県湯沢町
497,1,空間単位
498,1,デザイン手法
499,1,一国会資料
500,1,を通じて
501,1,子ども
502,1,地域空間
503,1,関わり
504,1,写真投影法
505,1,試み
506,1,心象風景
507,1,想起要因
508,1,琵琶湖
509,1,導入空間
510,1,景観特性
511,1,形態分解法
512,1,都市ファサード
513,1,特徴分析
514,1,都市景観画像
515,1,形態特性
516,1,ーコンピュータ画像処理
517,1,都市景観研究一
518,1,CG
519,1,街路景観
520,1,定量分析
521,1,東京圏
522,1,住宅需給構造
523,1,推定
524,1,地価上昇
525,1,影響分析
526,1,一分譲マンション市場
527,1,均衡分析一
528,1,資産選択理論
529,1,土地所有者
530,1,建設投資
531,1,意思決定
532,1,一都市部
533,1,土地利用形態別面積比率
534,1,推定一
535,1,持家市場
536,1,共同建て持家供給
537,1,都市間比較
538,1,住生活態度
539,1,類型
540,1,ライフスタイル
541,1,対応
542,1,ー首都圏
543,1,公団
544,1,住ま
545,1,居住者
546,1,社宅
547,1,商業地区
548,1,昼夜間景観変化
549,1,ビオトープ
550,1,開設状況
551,1,利用状況
552,1,地方都市圏
553,1,貸し農園整備
554,1,都市近郊農村住民
555,1,まちづくり
556,1,住民参加型ワークショップ
557,1,自治体
558,1,景観インベントリー
559,1,策定状況
560,1,歳時記的要素
561,1,配慮
562,1,戦後景観論争
563,1,ー京都ホテル
564,1,京都駅改築問題
565,1,噴水
566,1,滝等
567,1,人工的
568,1,水辺空間
569,1,景観形成
570,1,キーパーソン
571,1,地域整備
572,1,進行プロセス
573,1,発展構造
574,1,一柳川市
575,1,景観計画
576,1,合意形成型デザイン手法
577,1,ー熊本市京塚
578,1,街並み整備計画
579,1,目標空間イメージ
580,1,街並み形成
581,1,一世田谷区下馬3?6丁目地区
582,1,成熟市街地
583,1,中心核整備
584,1,一定住意向
585,1,整備プログラム
586,1,大阪市臨海部
587,1,居住構造変化
588,1,動向
589,1,都心住商混合地域
590,1,敷地統合
591,1,事業主体
592,1,住宅供給
593,1,ー東京都千代田区神田栄町地区
594,1,密集市街地
595,1,道路拡幅整備
596,1,延床面積
597,1,増加
598,1,ー板橋区仲宿地区
599,1,世田谷区太子堂地区
600,1,街区
601,1,単位
602,1,日照確保型形態規制手法
603,1,関西文化学術研究都市
604,1,就業者
605,1,望ましい
606,1,職住近接型都市形態
607,1,段階的
608,1,住環境整備
609,1,街区環境評価
610,1,運用
611,1,工場跡地等
612,1,行う
613,1,土壌汚染対策
614,1,ー自治体
615,1,要綱
616,1,条例
617,1,中国沿海部都市
618,1,杭州市
619,1,都市環境問題
620,1,自然環境総合指標
621,1,土地利用フレーム
622,1,研究一宮城県
623,1,耐震性貯水槽
624,1,最適配置
625,1,基づい
626,1,アクセス経路
627,1,評価手法
628,1,ー木造密集市街地
629,1,防災型土地利用規制
630,1,社会的受容
631,1,実施
632,1,アジェンダ形成
633,1,ー活断層研究者ら
634,1,提言
635,1,長町一利府線
636,1,有する
637,1,仙台市住民
638,1,意識調査
639,1,奥尻町青苗地区
640,1,復興まちづくり計画
641,1,被災市街地
642,1,被災
643,1,復旧特性
644,1,地域特性
645,1,相関
646,1,一神戸市街地
647,1,事例調査
648,1,被災地
649,1,住宅
650,1,個別再建
651,1,街区内細街路
652,1,変化
653,1,一芦屋市
654,1,淡路大震災被災市街地
655,1,阪神大震災
656,1,被災密集市街地
657,1,再建住宅
658,1,類型化
659,1,まちなみ評価
